INSERT INTO `person` (`id`, `phone`, `password`, `name`, `surname`, `role_id`)
VALUES
(1 ,'0123456789', 'Admin#00', 'John', 'Doe', 1);

INSERT INTO `category_translation` (`id`, `category_id`, `name`, `language_id`)
VALUES
(1, 1, 'Economy', 0),
(2, 2, 'Standard', 0),
(3, 3, 'Comfort', 0),
(4, 4, 'Business', 0),
(5, 5, 'Premium', 0),
(6, 1, 'Економ', 1),
(7, 2, 'Стандарт', 1),
(8, 3, 'Комфорт', 1),
(9, 4, 'Бізнес', 1),
(10, 5, 'Преміум', 1);

INSERT INTO `category` (`id`, `name`, `price`)
VALUES
(1, 'Economy', 25),
(2, 'Standard', 40),
(3, 'Comfort', 50),
(4, 'Business', 60),
(5, 'Premium', 70);

INSERT INTO `car_model` (`id`,`brand`, `name`, `color`, `year`, `seat_count`)
VALUES
(1, 'Ford' ,'Focus', 'Blue', 2012, 3),
(2, 'Ford' ,'Focus', 'White', 2015, 3),
(3, 'Volkswagen' ,'Caddy', 'Blue', 2021, 6),
(4, 'Audi' ,'A6', 'Black', 2011, 4),
(5, 'Ford' ,'Fusion', 'Blue', 2016, 4),
(6, 'BMW' ,'X5', 'Black', 2015, 4),
(7, 'Mercedes-Benz' ,'Vito', 'Silver', 2015, 6),
(8, 'Ford' ,'Fusion', 'White', 2013, 4);

INSERT INTO `location` (`id`, `street_name`, `street_number`, `longitude`, `latitude`)
VALUES
(1, 'Molodizhna', '36', 24.737374909778257, 48.925541084296924),
(2, 'Molodizhna', '54', 24.735502852160035, 48.92968587841581),
(3, 'Molodizhna', '52', 24.735872996990068, 48.929033871142096),
(4, 'Vovchynetska', '225', 24.73865635966828, 48.94107697890707),
(5, 'Ivana-Pavla II', '28', 24.740714463072088, 48.93110393701763),
(6, 'Industrialna', '19', 24.723415265888757, 48.91277369251439),
(7, 'Respublikanska', '22', 24.704209520156397, 48.911436863957874),
(8, 'Hetmana Doroshenka', '22', 24.691464286523594, 48.90671824155332),
(9, 'Hetmana Mazepy', '164', 24.737042556138896, 48.92565211504226),
(10, 'Vasylya Symonenka', '9', 24.748059027954042, 48.94284625503577),
(11, 'Vovchynetska', '206', 24.745890344047794, 48.94483640459187),
(12, 'Vasylya Symonenka', '5A', 24.746750109908426, 48.94364253971266),
(13, 'Maksymovycha', '15', 24.725379671366717, 48.94341450070673),
(14, 'Pasichna', '21', 24.695695996555884, 48.939417866685424),
(15, 'Fedkovycha', '165', 24.689476957693937, 48.93978609945551),
(16, 'Khimikiv', '19B', 24.70572339489978, 48.9458801811733),
(17, 'Troleibusna', '13', 24.702218127384022, 48.94659648527823),
(18, 'Halytska', '124', 24.696320669570078, 48.94628449071701),
(19, 'Akademika Sakharova', '24', 24.71043826672713, 48.91424181119112),
(20, 'Lvivska', '13', 24.691334079381065, 48.92056849352145),
(21, 'Lenkavskoho', '17', 24.691334079381065, 48.92056849352145),
(22, 'Ivana-Pavla II', '20', 24.73972952095705, 48.93116947630524),
(23, 'Parkova', '2', 24.73401545853707, 48.9253520485175),
(24, 'Depovska', '91', 24.729112586352315, 48.923366075001866),
(25, 'Ostrovskoho', '24', 24.730050057608892, 48.91884478477301),
(26, 'Ostrovskoho', '29', 24.72795766858213, 48.91752747530948),
(27, 'Nezalezhnosti', '168', 24.73589966428934, 48.91574609793521),
(28, 'Nezalezhnosti', '196', 24.7414454696648, 48.91477669775621),
(29, 'Nezalezhnosti', '65', 24.716875920412537, 48.91897047793667),
(30, 'Myru', '50', 24.731871425462433, 48.92916188348428),
(31, 'Depovska', '59', 24.72686859350118, 48.925615559481955),
(32, 'Depovska', '25', 24.725717127737678, 48.927094693284225),
(33, 'Lermontova', '44', 24.714202994415952, 48.931106091215916),
(34, 'Halytska', '92', 24.70012798228084, 48.94180963648384),
(35, 'Dovha', '11A', 24.706694514776228, 48.93039084219798),
(36, 'Dnistrovska', '4', 24.710814387688945, 48.92497723791581),
(37, 'Nezalezhnosti', '3', 24.70870458463761, 48.921040499723254),
(38, 'Volodymyra Velykoho', '9', 24.70411779315092, 48.92133812349214),
(39, 'Kopernyka', '9', 24.71892552149804, 48.92285151458653),
(40, 'Halytska', '3A', 24.70862253589585, 48.92174308838245),
(41, 'Belvederska', '2', 24.707592658116887, 48.92145809277189),
(42, 'Shevchenka', '9', 24.705565148661183, 48.918824911175776),
(43, 'Akademika Sakharova', '14B', 24.707717411864603, 48.9149029841997),
(44, 'Mateiky', '59', 24.710591893298687, 48.91187699106827),
(45, 'Mateiky', '33', 24.706268172530518, 48.91277248481066),
(46, 'Vovchynetska', '156', 24.71892552149804, 48.92285151458653),
(47, 'Vovchynetska', '198', 24.741324042891744, 48.941022810366256),
(48, 'Vovchynetska', '21', 24.74625099472357, 48.94946130388181),
(49, 'Halytska', '11', 24.709438734753363, 48.922336888655614),
(50, 'Botanichna', '35', 24.71184888655864, 48.896853510819305);

INSERT INTO `car` (`id`, `reg_number`, `model_id`, `category_id`, `location_id`, `status_id`)
VALUES
(1, 'AA1234TV', 1, 1, 1, 0),
(2, 'AA1235TV', 1, 1, 1, 0),
(3, 'AA1236TV', 1, 1, 2, 2),

(4, 'AA1237TV', 2, 1, 3, 0),
(5, 'AA1238TV', 2, 1, 4, 0),
(6, 'AA1239TV', 2, 1, 5, 0),

(7, 'AA2234TV', 3, 3, 6, 0),
(8, 'AA3234TV', 3, 3, 5, 0),
(9, 'AA4234TV', 3, 3, 15, 0),

(10, 'AA5234TV', 4, 4, 5, 0),
(11, 'AA6234TV', 4, 4, 9, 0),
(12, 'AA7234TV', 4, 4, 1, 0),

(13, 'AA8234TV', 5, 3, 2, 0),
(14, 'AA9234TV', 5, 3, 6, 2),
(15, 'AA1334TV', 5, 3, 3, 0),

(16, 'AA1434TV', 6, 5, 3, 0),
(17, 'AA1534TV', 6, 5, 2, 0),
(18, 'AA1634TV', 6, 5, 20, 0),

(19, 'AA1734TV', 7, 2, 25, 0),
(20, 'AA1834TV', 7, 2, 15, 0),
(21, 'AA1934TV', 7, 2, 30, 0),

(22, 'AA8734TV', 8, 2, 21, 0),
(23, 'AA8834TV', 8, 2, 10, 0),
(24, 'AA8934TV', 8, 2, 3, 0);